ACTN3_rs1815739,AMPD1_rs17602729,MB_rs7293,ACE_rs1799752,class,gender
RX,CT,AA,ID,endurance,F
RR,CC,AA,ID,endurance,F
XX,CT,AA,II,power,M
RX,CC,AG,DD,power,M
RX,CC,AA,II,power,M
RX,CC,AA,II,power,M
RX,CT,AG,ID,power,M
RR,CC,AG,ID,endurance,F
RX,CC,GG,II,power,F
XX,CT,AA,DD,endurance,F
RX,CC,GG,ID,endurance,M
XX,CC,AG,ID,endurance,M
RX,CC,AG,DD,endurance,M
RR,CC,AG,II,power,M
RX,CC,AG,DD,endurance,F
RX,CC,AG,DD,endurance,M
RX,CC,AA,ID,endurance,M
RX,CC,AG,ID,endurance,M
RX,CT,AA,II,mix,F
XX,CC,AG,DD,power,M
RR,CC,AG,ID,endurance,M
RX,CC,AG,II,endurance,M
RX,CT,GG,DD,endurance,M
RX,CC,AG,DD,endurance,M
RX,CC,AG,II,endurance,F
RX,CC,AA,DD,endurance,F
RX,CC,AG,ID,endurance,M
RR,CC,AG,DD,endurance,M
RR,CC,AG,DD,endurance,M
RR,CC,AG,II,endurance,M
RX,CC,AG,II,endurance,M
RX,CC,AG,ID,power,M
XX,CC,AG,ID,endurance,M
RR,CC,AA,II,power,M
RX,CC,AA,II,power,M
RX,CC,AG,ID,endurance,M
RX,CT,AG,II,endurance,M
RX,CT,GG,II,power,M
RX,CC,AA,ID,endurance,M
RX,CT,GG,DD,mix,M
XX,CC,AG,II,mix,M
RR,CC,AG,II,power,M
RX,CC,GG,ID,endurance,M
XX,CC,AG,DD,endurance,M
RR,CT,AG,ID,endurance,M
RX,CT,AG,DD,endurance,M
XX,CC,AG,II,power,M
RX,CT,AG,ID,power,M
RX,CC,GG,ID,mix,M
RX,CC,GG,ID,mix,M
RX,CC,AG,II,mix,M
RR,CC,AG,ID,mix,M
RR,CC,AA,II,mix,M
RX,CC,AG,ID,mix,M
RX,CC,AG,ID,mix,M
RR,CC,AA,DD,power,M
RX,CT,AA,DD,power,M
RX,CC,AG,ID,power,M
RR,CC,AG,II,power,M
RX,CT,AG,ID,power,M
RX,CC,AG,II,power,M
RX,CC,AA,DD,mix,F
RR,CC,AG,ID,mix,M
RR,CC,AG,ID,endurance,M
RR,CC,AG,ID,mix,M
RR,CC,GG,II,power,F
XX,CC,AG,ID,mix,F
RX,CC,AA,II,mix,F
RR,CC,AG,II,endurance,F
RX,CC,AG,ID,endurance,F
RX,CC,AA,ID,mix,M
RR,CC,AG,ID,power,M
RX,CT,AG,DD,mix,M
RR,CT,AG,DD,mix,M
XX,CC,AG,II,mix,M
RX,CC,AA,II,mix,M
RX,CT,GG,ID,endurance,M
XX,CC,GG,DD,endurance,F
RX,CC,AG,DD,endurance,M
RX,CC,AG,DD,endurance,F
RX,CC,AG,II,endurance,M
RX,CC,AG,II,endurance,M
RX,CT,AG,ID,endurance,M
RR,CC,AA,II,endurance,M
RR,CC,AA,DD,endurance,M
RX,CT,AG,II,endurance,M
RR,CT,AG,ID,endurance,M
RR,CC,AG,ID,endurance,F
RX,CC,GG,ID,endurance,F
RX,CT,AG,ID,mix,F
RR,CC,AA,ID,mix,F
RR,CC,AG,DD,mix,F
RX,CC,AG,II,mix,F
RX,CC,AA,DD,mix,F
RX,CC,AG,II,mix,F
RX,CT,AG,ID,mix,F
RX,CT,AG,II,mix,F
RR,CC,AG,ID,mix,F
RX,CC,AG,ID,mix,F
XX,CT,GG,DD,mix,F
RX,CC,AG,II,mix,F
RX,CT,GG,ID,mix,F
RX,CC,AG,ID,endurance,F
RR,CC,AG,II,endurance,M
RR,CC,AG,ID,mix,M
RX,CC,AG,ID,power,M
XX,CC,AG,DD,power,M
RX,CC,AG,ID,power,M
RX,CC,AG,ID,power,M
RR,CC,GG,DD,power,F
RR,CC,AG,II,power,M
XX,CT,AG,ID,power,M
RX,CT,AG,ID,power,M
RX,CC,AG,ID,power,M
XX,CC,AG,ID,endurance,M
RX,CC,AA,ID,endurance,M
RR,CC,AG,ID,endurance,F
RX,CC,AG,ID,endurance,M
RX,CC,AG,DD,endurance,F
RX,TT,AG,DD,endurance,M
RR,CC,AA,ID,endurance,F
RX,CT,AG,DD,endurance,M
XX,CC,AA,ID,endurance,M
RX,CC,AA,DD,endurance,M
RX,CT,GG,DD,endurance,M
RX,CC,GG,ID,endurance,M
RX,CC,AG,II,endurance,M
RX,CC,GG,ID,endurance,M
RX,CC,GG,ID,endurance,M
RX,CC,GG,DD,endurance,F
RX,CC,AG,II,endurance,M
RR,CC,AG,DD,mix,M
RR,CC,AG,II,mix,M
RR,CC,AG,DD,mix,M
RR,CC,GG,ID,mix,M
RR,CT,AG,DD,mix,M
RX,CT,AG,ID,mix,M
RR,CT,AG,ID,mix,M
RX,CT,AA,II,mix,M
XX,CC,GG,ID,mix,M
RR,CC,AG,ID,mix,M
RX,CC,AG,ID,mix,M
XX,CT,GG,ID,mix,M
RX,CT,AG,ID,mix,M
XX,CT,AG,DD,mix,M
RX,CC,GG,ID,mix,M
RX,CC,AA,II,mix,M
RX,CT,AG,ID,mix,M
RX,CC,AG,ID,mix,M
RX,CC,AG,II,mix,M
RR,CT,AG,DD,mix,M
XX,CC,GG,DD,power,M
RR,CC,AG,II,power,M
RX,TT,AG,DD,power,F
RX,CC,AG,ID,power,M
RX,CC,AG,DD,power,M
RX,CC,GG,ID,power,M
RR,CT,GG,II,power,F
RR,CT,GG,ID,power,F
RR,CC,AA,ID,power,M
RR,CC,AA,ID,power,M
RR,CC,GG,II,power,M
RR,CC,AG,II,power,M
RR,CC,AG,ID,mix,M
RX,CC,AG,ID,endurance,M
RX,CC,AG,ID,endurance,F
RX,CT,AG,ID,endurance,F
RX,CT,AG,ID,endurance,F
RR,CT,AA,DD,endurance,F
RX,CC,AA,ID,endurance,F
RX,CC,AG,DD,endurance,F
RR,CT,AG,DD,endurance,F
RR,CC,AG,DD,endurance,M
RX,CC,AG,II,endurance,M
RR,CC,AA,II,endurance,M
RX,CC,AG,II,endurance,M
RR,CC,AG,II,endurance,M
RR,CC,AA,ID,endurance,F
XX,CC,AG,ID,endurance,M
XX,CT,AG,ID,endurance,F
